,City,Country,Temperature (F),Latitude,Longitude,Humidity(%),Cloudiness(%),WindSpeed (mph)
0,Torbay,CA,35.6,47.66,-52.73,93,90,31.09
1,Bambous Virieux,MU,73.4,-20.34,57.76,83,75,5.82
2,Sorland,NO,46.46,67.67,12.69,100,92,1.14
3,Vila Velha,BR,87.8,-3.71,-38.6,48,0,18.34
4,Port Lincoln,AU,60.55,-34.72,135.86,94,0,13.44
5,Rome,IT,49.93,41.89,12.48,50,0,6.93
6,Yorkton,CA,9.11,51.21,-102.46,68,0,16.69
7,Jamestown,AU,47.32,-33.21,138.6,63,0,6.4
8,Solnechnyy,RU,9.25,50.72,136.64,69,0,3.94
9,New Norfolk,AU,51.8,-42.78,147.06,71,75,4.7
10,Mataura,NZ,42.73,-46.19,168.86,91,68,9.75
11,Campeche,MX,78.8,19.84,-90.54,57,20,11.41
12,Alyangula,AU,82.64,-13.85,136.42,100,8,7.18
13,Lagoa,PT,64.4,37.14,-8.45,82,40,16.11
14,Dali,CN,38.81,25.6,100.24,100,0,2.71
15,Ushuaia,AR,50.81,-54.81,-68.31,37,40,5.82
16,San Patricio,PY,84.89,-26.98,-56.83,78,32,8.63
17,Hermanus,ZA,60.82,-34.42,19.24,65,0,6.73
18,Upernavik,GL,24.64,72.79,-56.15,100,88,12.66
19,Castro,CL,53.39,-42.48,-73.76,88,92,6.17
20,Gornyy,RU,12.04,51.76,48.54,69,20,3.94
21,Rikitea,PF,75.89,-23.12,-134.97,96,0,11.21
22,Albany,US,41.09,42.65,-73.75,52,90,13.87
23,Kachug,RU,-9.03,53.96,105.89,61,32,2.71
24,Chuy,UY,68.74,-33.69,-53.46,100,92,24.29
25,Mar del Plata,AR,67.79,-46.43,-67.52,34,32,3.04
26,Hilo,US,64.51,19.71,-155.08,93,90,4.7
27,Malanville,NE,82.42,11.86,3.39,46,12,2.48
28,East London,ZA,62.6,-33.02,27.91,82,75,12.75
29,Ponta do Sol,BR,81.88,-20.63,-46,60,64,12.66
30,Punta Arenas,CL,55.4,-53.16,-70.91,35,0,20.8
31,Kapaa,US,75.43,22.08,-159.32,71,90,20.8
32,Te Anau,NZ,41.56,-45.41,167.72,96,64,7.74
33,Luba,PH,70.72,17.32,120.7,84,0,4.16
34,Cascas,PE,66.2,-7.48,-78.82,59,75,5.82
35,Vardo,US,44.55,39.62,-77.74,57,75,9.17
36,Ilulissat,GL,21.2,69.22,-51.1,85,40,13.87
37,Kefamenanu,ID,65.86,-9.45,124.48,95,0,1.59
38,Vaini,IN,71.17,15.34,74.49,84,24,1.48
39,Busselton,AU,61.13,-33.64,115.35,100,32,11.21
40,Loreto,PY,93.26,-23.27,-57.32,60,48,13.56
41,Mahon,IE,48.2,51.89,-8.4,100,75,13.87
42,Cape Town,ZA,62.6,-33.93,18.42,63,20,25.28
43,Puerto Narino,CO,89.6,-3.77,-70.38,66,75,3.36
44,Tasiilaq,GL,39.2,65.61,-37.64,80,90,40.26
45,Port Shepstone,ZA,68.2,-30.74,30.45,91,88,14.67
46,Kasane,BW,84.2,-17.8,25.16,17,0,5.82
47,Georgetown,GY,87.8,6.8,-58.16,62,75,16.11
48,Bethel,US,33.98,60.79,-161.76,100,90,5.82
49,Bambanglipuro,ID,74.68,-7.95,110.28,96,76,2.04
50,Port Elizabeth,US,48.34,39.31,-74.98,51,90,11.41
51,Butaritari,KI,84.98,3.07,172.79,100,80,9.64
52,Stokmarknes,NO,35.6,68.56,14.91,93,40,6.93
53,Sao Miguel do Araguaia,BR,82.87,-13.28,-50.16,97,20,5.73
54,Dingle,PH,75.04,11,122.67,96,24,9.75
55,Tabas,IR,59,33.6,56.92,41,0,4.7
56,Airai,TL,68.96,-8.93,125.41,91,36,1.81
57,Iranshahr,IR,71.6,27.21,60.69,30,0,4.7
58,Tura,IN,57.71,25.52,90.21,81,0,2.37
59,Bredasdorp,ZA,60.8,-34.53,20.04,55,0,5.82
60,Tarandacuao,MX,68,20,-100.52,40,5,6.93
61,Iroquois Falls,CA,14,48.76,-80.69,72,90,11.41
62,Tautira,PF,84.2,-17.73,-149.15,74,20,10.29
63,Srednekolymsk,RU,-13.89,67.46,153.71,64,44,2.71
64,Hobart,AU,51.8,-42.88,147.33,71,75,4.7
65,Yaan,NG,89.66,7.38,8.57,51,44,3.6
66,Opuwo,NA,81.29,-18.06,13.84,15,0,4.61
67,Cherskiy,RU,-17.49,68.75,161.3,77,32,4.83
68,Taoudenni,ML,71.62,22.68,-3.98,30,20,3.15
69,Bakchar,RU,-0.03,57.02,82.07,76,76,2.59
70,Yook,PH,80.93,13.23,121.96,100,44,12.77
71,Yellowknife,CA,-11.21,62.45,-114.38,76,40,3.36
72,Zorritos,PE,89.6,-3.68,-80.68,33,75,10.29
73,Saint-Augustin,FR,49.78,44.83,-0.61,93,75,11.41
74,Bilibino,RU,-36.84,68.06,166.44,0,12,2.37
75,Port Alfred,ZA,65.41,-33.59,26.89,87,56,9.86
76,Misratah,LY,68.02,32.38,15.09,91,80,14.67
77,Fortuna,ES,61.45,38.18,-1.13,87,20,4.7
78,Kiiu,EE,44.6,59.45,25.39,87,75,12.75
79,Barrow,AR,65.18,-38.31,-60.23,100,36,18.48
80,Ancud,CL,53.98,-41.87,-73.83,88,80,7.52
81,Dikson,RU,3.94,73.51,80.55,91,12,7.63
82,Ostrovnoy,RU,35.39,68.05,39.51,98,92,30.89
83,Muros,ES,59,42.77,-9.06,67,0,3.36
84,Kruisfontein,ZA,62.08,-34,24.73,85,0,8.52
85,Guerrero Negro,MX,69.19,27.97,-114.04,49,0,2.93
86,Avarua,CK,77,-21.21,-159.78,88,75,2.24
87,Inhambane,MZ,77.33,-23.87,35.38,88,0,10.2
88,Puerto Escondido,MX,84.2,15.86,-97.07,70,40,8.05
89,Jijiang,CN,53.6,29.8,120.61,93,75,8.95
90,Hamilton,CA,35.67,43.26,-79.87,96,90,12.75
91,Atuona,PF,81.11,-9.8,-139.03,100,0,16.13
92,San Joaquin,PH,75.04,10.59,122.14,96,24,9.75
93,Turukhansk,RU,3.31,65.8,87.96,83,88,16.69
94,San Carlos del Zulia,VE,86.83,9,-71.91,78,36,1.59
95,Aykhal,RU,-22.26,65.95,111.51,31,24,2.71
96,Cidreira,BR,82.33,-30.17,-50.22,58,88,18.48
97,Tuktoyaktuk,CA,-2.21,69.44,-133.03,77,75,20.8
98,Esqueda,MX,64.33,30.72,-109.59,30,0,3.83
99,Ucluelet,CA,44.6,48.94,-125.55,100,20,2.24
100,Itaituba,BR,93.2,-4.26,-55.99,56,40,12.75
101,Boa Vista,BR,95,2.82,-60.67,41,75,9.17
102,Saint-Philippe,CA,36.1,45.36,-73.48,93,90,11.41
103,Isangel,VU,74.36,-19.55,169.27,100,92,11.54
104,Carnarvon,ZA,74.77,-30.97,22.13,10,36,9.86
105,Zapolyarnyy,RU,35.6,69.43,30.82,69,88,32.21
106,Port-Gentil,GA,82.4,-0.72,8.78,88,75,9.17
107,Panaba,MX,82.87,21.28,-88.27,56,12,7.74
108,Leningradskiy,RU,10.64,69.38,178.42,100,76,19.48
109,Teguise,ES,68,29.06,-13.56,82,40,11.41
110,Samarai,PG,79.27,-10.62,150.67,100,56,10.98
111,Faya,SA,60.84,18.39,42.45,82,40,3.15
112,Broome,GB,44.06,52.47,1.45,93,0,8.05
113,Shahreza,IR,24.86,32.01,51.87,77,0,3.71
114,Qaanaaq,GL,-6.01,77.48,-69.36,96,0,9.42
115,Iqaluit,CA,-4.01,63.75,-68.52,64,75,4.7
116,Kununurra,AU,75.2,-15.77,128.74,94,90,17.22
117,Aktau,KZ,39.2,43.65,51.16,29,0,6.71
118,Visby,SE,44.6,57.64,18.3,87,90,11.41
119,Ocos,GT,89.6,14.51,-92.19,55,20,6.93
120,Road Town,VG,85.41,18.42,-64.62,62,20,12.75
121,College,US,-0.33,64.86,-147.8,85,20,4.61
122,Leopold,US,48.25,38.1,-86.58,65,1,8.05
123,Ferme-Neuve,CA,27.97,46.7,-75.45,68,56,7.4
124,Bluff,AU,72.61,-23.58,149.07,75,92,10.76
125,Hambantota,LK,76.57,6.12,81.12,100,56,9.86
126,San Cristobal,EC,68,-0.39,-78.55,52,40,8.05
127,Beloha,MG,78.23,-25.17,45.06,46,0,10.65
128,Puerto Ayora,EC,82.4,-0.74,-90.35,54,20,23.04
129,Sobolevo,RU,26.17,54.43,31.9,88,92,10.76
130,Batemans Bay,AU,53.8,-35.71,150.18,100,32,2.71
131,Pancas,BR,84.53,-19.22,-40.85,52,32,9.08
132,Oranjemund,ZA,61.09,-28.55,16.43,93,0,27.09
133,Salalah,OM,80.6,17.01,54.1,74,0,4.7
134,Chik,RU,15.8,54.99,82.44,85,75,6.71
135,Vandra,IT,44.84,41.66,14.19,82,36,3.94
136,Porto Novo,BR,84.2,-23.68,-45.44,48,40,6.93
137,Khatanga,RU,7.13,71.98,102.47,78,68,8.63
138,Anjad,IN,66.71,22.04,75.06,69,0,2.71
139,Thompson,CA,5,55.74,-97.86,71,75,8.05
140,Severo-Kurilsk,RU,38.05,50.68,156.12,100,92,12.66
141,Turiacu,BR,86.65,-5.01,-63,80,44,3.94
142,Wanning,AT,37.4,48.64,13.53,64,0,13.87
143,Muli,IN,63.7,22.62,71.45,51,0,2.59
144,Kaitangata,NZ,43.63,-46.28,169.85,79,32,7.63
145,Henties Bay,NA,66.71,-22.12,14.28,80,0,5.17
146,La Palma,CO,81.88,5.36,-74.39,61,36,1.59
147,Praia da Vitoria,PT,57.2,38.73,-27.07,67,20,20.83
148,Batagay-Alyta,RU,-36.79,67.8,130.41,0,0,2.59
149,Kattivakkam,IN,80.6,13.22,80.32,88,20,2.24
150,Tagusao,PH,77.2,9.19,117.81,100,36,3.04
151,Vestmannaeyjar,IS,48.2,63.44,-20.27,100,90,26.4
152,Kudahuvadhoo,MV,81.7,2.67,72.89,100,36,13.67
153,Kolpashevo,RU,-5.74,58.31,82.9,72,44,3.71
154,Khandbari,NP,29.59,27.38,87.21,68,0,1.36
155,Sunbury,US,43.2,40.86,-76.79,57,75,5.82
156,Sabya,YE,75.26,16.19,43.1,79,64,1.59
157,Arraial do Cabo,BR,82.4,-22.97,-42.02,65,40,10.29
158,Ojinaga,US,62.08,29.56,-104.41,22,0,4.16
159,Dubna,RU,34.27,56.76,37.14,93,92,16.24
160,Tessalit,ML,77.2,20.2,1.01,18,0,4.61
161,Bo Rai,TH,72.74,12.57,102.54,95,32,1.81
162,Ribeira Grande,PT,60.8,38.52,-28.7,55,40,10.29
163,Lerwick,GB,47.3,60.15,-1.15,87,44,23.04
164,Ternate,PH,78.8,14.29,120.72,83,20,12.44
165,Mount Gambier,AU,48.67,-37.83,140.78,83,0,4.94
166,Burnie,AU,56.86,-41.05,145.91,100,0,8.75
167,Namibe,AO,74.77,-15.19,12.15,100,0,5.95
168,Palmer,US,31.69,61.6,-149.11,78,90,2.26
169,Aklavik,CA,-3.45,68.22,-135.01,83,75,9.17
170,Hasaki,JP,48.2,35.73,140.83,87,20,1.12
171,Yuanlin,TW,69.8,23.96,120.57,88,75,5.82
172,Buala,SB,80.08,-8.15,159.59,97,100,4.05
173,Great Yarmouth,GB,42.8,52.61,1.73,93,0,8.05
174,Sorong,ID,78.14,-0.86,131.25,100,76,7.74
175,Beckley,US,47.71,37.78,-81.19,62,1,3.36
176,Saint-Denis,FR,41.5,48.94,2.36,75,0,6.93
177,Buzmeyin,TM,48.2,38.05,58.21,57,75,4.7
178,Abay,KZ,19.4,49.63,72.87,79,75,8.95
179,Ixtapa,MX,87.8,20.71,-105.21,35,75,9.17
180,Sitka,US,39.85,37.17,-99.65,59,92,22.06
181,Beyneu,KZ,10.91,45.32,55.19,67,8,3.71
182,Mahebourg,MU,73.4,-20.41,57.7,83,75,5.82
183,Esso,RU,-6.42,55.93,158.7,64,24,1.48
184,Viedma,AR,62.03,-40.81,-62.99,50,68,21.61
185,Komsomolskiy,RU,20.23,67.55,63.78,86,92,14.12
186,Filingue,NE,81.83,14.35,3.32,30,8,5.61
187,Coquimbo,CL,69.8,-29.95,-71.34,56,0,16.11
188,Nikolskoye,RU,44.6,59.7,30.79,75,90,22.37
189,Souillac,FR,45.39,45.6,-0.6,81,90,11.41
190,Dzhebariki-Khaya,RU,-0.66,62.22,135.8,77,76,2.59
191,Chokurdakh,RU,-10.87,70.62,147.9,74,48,3.6
192,Agadir,MA,66.2,30.42,-9.58,59,0,8.05
193,Tiksi,RU,-7.68,71.64,128.87,62,0,7.96
194,Victoria,BN,75.2,5.28,115.24,94,75,4.94
195,Hithadhoo,MV,81.56,-0.6,73.08,100,0,10.76
196,Clyde River,CA,-14.81,70.47,-68.59,75,75,6.93
197,Nhulunbuy,AU,73.4,-12.18,136.78,88,0,3.6
198,Socha,CO,58.3,6,-72.69,91,88,2.37
199,Klaksvik,FO,48.2,62.23,-6.59,87,0,16.11
200,Jalu,LY,67.43,29.03,21.55,26,20,12.33
201,Lasa,CY,64.4,34.92,32.53,63,20,11.41
202,Codrington,AU,61.36,-28.95,153.24,100,92,5.95
203,Mathbaria,BD,71.71,22.29,89.96,94,0,5.17
204,Dayong,PH,79.63,11.74,122.04,100,92,15.01
205,San Quintin,PH,77,17.54,120.52,94,20,2.24
206,Mamakan,RU,-7.54,57.82,114.02,57,56,2.26
207,Lucea,JM,84.2,18.44,-78.17,74,20,17.22
208,Lorengau,PG,82.01,-2.02,147.27,100,24,7.74
209,Nexo,DK,33.8,55.06,15.13,100,8,3.36
210,Magadan,RU,-7.61,59.56,150.8,83,75,25.52
211,Cayenne,GF,87.8,4.94,-52.33,62,0,13.87
212,Zhireken,RU,1.06,52.82,117.29,56,44,4.72
213,Saskylakh,RU,-7.23,71.97,114.09,61,56,8.97
214,Kavaratti,IN,80.66,10.57,72.64,100,80,14.79
215,Sinnar,IN,60.86,19.85,74,67,0,2.26
216,Alofi,NU,75.2,-19.06,-169.92,83,0,6.93
217,Lebanon,US,40.89,43.64,-72.25,46,90,11.41
218,Springdale,US,65.71,36.19,-94.13,29,1,11.41
219,Faanui,PF,81.43,-16.48,-151.75,100,80,14
220,Komatsushima,JP,50.38,34.01,134.59,100,0,6.17
221,Mount Isa,AU,80.6,-20.73,139.49,54,75,2.24
222,Klyuchi,RU,22.61,52.25,79.17,86,80,10.98
223,Kavieng,PG,81.7,-2.57,150.8,100,48,4.72
224,Maniitsoq,GL,24.82,65.42,-52.9,94,80,23.06
225,Gobabis,NA,83.81,-22.45,18.97,18,80,8.97
226,Colares,PT,61.83,38.8,-9.45,87,20,9.17
227,Pangnirtung,CA,-0.41,66.15,-65.72,70,20,2.24
228,Takoradi,GH,83.32,4.89,-1.75,96,24,7.52
229,Asyut,EG,53.93,27.18,31.19,83,8,2.82
230,Yar-Sale,RU,21.89,66.83,70.83,100,92,16.8
231,Bukachacha,RU,1.06,52.99,116.91,56,44,4.72
232,Mehamn,NO,34.04,71.03,27.85,85,8,11.54
233,Chara,GR,48.2,39.42,22.43,87,75,3.36
234,Palmares do Sul,BR,82.4,-30.26,-50.51,54,20,10.29
235,Palencia,ES,50,42.01,-4.53,76,0,5.82
236,Batticaloa,LK,77.47,7.71,81.69,100,56,4.72
237,Craig,US,36.59,40.52,-107.55,87,90,6.93
238,Sarangani,PH,81.43,5.4,125.46,100,44,6.29
239,Tazovskiy,RU,19.87,67.47,78.7,89,92,9.86
240,Bahia Blanca,AR,64.15,-38.72,-62.27,75,48,23.29
241,New Glasgow,CA,35.53,45.59,-62.65,85,56,11.99
242,Celestun,MX,77.24,20.87,-90.4,100,8,11.99
243,Quballat,TN,59,36.54,9.66,77,40,3.36
244,Gizo,IL,66.27,31.8,34.94,82,0,2.24
245,Cabo San Lucas,MX,78.89,22.89,-109.91,50,40,11.41
246,La Ronge,CA,6.8,55.1,-105.3,77,75,12.75
247,Lebu,ET,53.53,8.96,38.73,78,12,6.4
248,Flinders,AU,51.8,-34.58,150.85,100,0,4.7
249,Baiyin,CN,19.4,36.55,104.13,92,80,2.24
250,Nanortalik,GL,32.29,60.14,-45.24,94,56,34.81
251,Araouane,ML,84.26,18.9,-3.53,21,48,3.38
252,Constitucion,MX,60.8,23.99,-104.67,29,90,5.82
253,La Baule-Escoublac,FR,41,47.28,-2.4,86,90,17.22
254,Kodiak,US,37.04,39.95,-94.76,85,90,23.04
255,Vargem Grande,BR,79.32,-23.71,-46.2,69,75,11.41
256,Kindia,GN,78.14,10.05,-12.86,87,56,2.82
257,Makakilo City,US,74.17,21.35,-158.09,88,75,8.05
258,Taltal,CL,70.94,-25.41,-70.49,71,0,4.05
259,Urengoy,RU,16,65.96,78.37,84,88,14.67
260,Rivera,UY,68.56,-30.9,-55.54,100,92,8.41
261,San Felipe,CL,71.6,-32.75,-70.73,40,40,16.11
262,Eureka,US,47.53,40.8,-124.16,100,90,3.94
263,Sibu,MY,77,2.29,111.83,100,75,2.24
264,Deputatskiy,RU,-19.92,69.3,139.9,27,20,2.59
265,Galle,US,70.29,29.74,-97.91,60,1,9.17
266,Pevek,RU,3.85,69.7,170.27,100,56,6.62
267,Petropavlovsk-Kamchatskiy,RU,26.6,53.05,158.65,86,75,8.95
268,Fereydun Kenar,IR,51.23,36.69,52.52,93,0,2.48
269,Udachnyy,RU,-22.21,66.42,112.4,31,24,2.48
270,Sambava,MG,78.59,-14.27,50.17,100,100,15.79
271,Alta Floresta,BR,82.33,-9.87,-56.08,91,24,2.04
272,Tuatapere,NZ,46.78,-46.13,167.69,100,24,17.47
273,Galati,RO,33.8,45.45,28.05,80,0,12.75
274,Hervey Bay,AU,69.91,-25.3,152.85,100,92,5.61
275,Saint George,GR,48.2,39.45,22.34,87,75,3.36
276,Anadyr,RU,10.4,64.73,177.51,85,90,15.66
277,Nemuro,JP,42.19,43.32,145.57,100,0,15.57
278,Pokhara,NP,39.94,28.21,83.99,82,0,1.81
279,Gao,ML,83.59,16.28,-0.04,20,0,3.15
280,Lake City,US,36.95,38.03,-107.32,20,1,9.17
281,Erice,IT,58.08,38.04,12.59,62,40,12.75
282,Plouzane,FR,46.36,48.38,-4.62,93,90,12.75
283,Springbok,ZA,76.57,-29.67,17.88,18,0,7.4
284,Sandpoint,US,33.93,48.28,-116.55,55,1,10.29
285,Kirishi,RU,39.22,59.45,32.01,89,32,7.96
286,Arman,RU,-7.61,59.7,150.17,83,75,4.27
287,Peniche,PT,62.85,39.36,-9.38,87,20,9.17
288,Haines Junction,CA,10.46,60.75,-137.51,88,44,2.26
289,Bajah,YE,58.66,13.81,44.63,89,68,0.69
290,Sao Joao da Barra,BR,82.4,-21.64,-41.05,58,40,6.93
291,Norman Wells,CA,3.2,65.28,-126.83,84,75,13.87
292,Acapulco,MX,87.8,16.86,-99.88,62,5,3.36
293,Katsuura,JP,50.38,33.93,134.5,100,0,6.17
294,Umea,SE,42.8,63.83,20.26,70,0,13.87
295,Poum,MK,31.12,41.28,20.71,96,92,1.92
296,Ode,NG,79.72,7.79,5.71,84,8,3.04
297,Pisco,PE,71.6,-13.71,-76.2,30,0,10.29
298,Mecca,SA,68.33,21.43,39.83,71,0,2.93
299,Verkhnevilyuysk,RU,-11.28,63.45,120.31,75,8,5.61
300,Mantua,IT,43.32,45.16,10.79,75,0,4.7
301,Khani,GE,46.4,41.96,42.96,93,75,4.7
302,Kapit,MY,71.44,2.02,112.94,98,92,2.37
303,Mao,DO,89.6,19.55,-71.08,66,20,11.41
304,Port Macquarie,AU,60.8,-31.43,152.91,100,75,5.82
305,Port Pirie,AU,55.4,-33.18,138.01,76,0,6.93
306,Madimba,CM,82.4,4.42,9.93,88,40,2.24
307,Nabire,ID,67.3,-3.36,135.5,90,80,2.37
308,Nogliki,RU,24.86,51.8,143.14,100,76,14.79
309,Baft,IR,32.51,29.23,56.61,75,0,2.48
310,Narsaq,GL,28.4,60.91,-46.05,86,75,1.36
311,Kimbe,PG,76.3,-5.56,150.15,100,92,5.17
312,Sinnamary,GF,78.59,5.38,-52.96,100,56,8.41
313,Half Moon Bay,US,53.92,37.46,-122.43,81,40,3.36
314,Jumla,NP,14.51,29.28,82.18,82,0,1.81
315,Craigieburn,AU,51.21,-37.6,144.94,93,75,8.05
316,Wanaka,NZ,39.08,-44.7,169.14,98,8,2.26
317,High Level,CA,-5.81,58.52,-117.13,91,90,2.24
318,Roebourne,AU,87.64,-20.77,117.15,22,0,17.13
319,Monrovia,LR,80.6,6.33,-10.8,94,75,8.97
320,Vostok,RU,5.78,46.45,135.83,70,24,2.37
321,Nieuw Amsterdam,SR,90.59,5.88,-55.08,62,40,13.87
322,Tiarei,PF,84.2,-17.53,-149.33,70,40,9.17
323,Hami,CN,18.79,42.84,93.51,70,48,5.39
324,Polyarnyy,RU,35.6,69.2,33.45,90,75,13.42
325,Imbituba,BR,78.8,-28.24,-48.67,50,20,20.8
326,Bayonet Point,US,71.01,28.33,-82.68,46,1,8.3
327,Nome,US,69.33,30.04,-94.42,58,75,8.05
328,Awjilah,LY,68.65,29.14,21.3,25,12,12.21
329,Banes,CU,86,20.96,-75.72,62,75,8.05
330,Saint Anthony,US,30.69,43.97,-111.68,74,90,3.36
331,Saravan,AM,46.4,39.72,45.65,61,40,4.7
332,Terney,RU,31.03,45.05,136.61,100,8,14.79
333,Santana do Acarau,BR,97.54,-3.46,-40.21,33,0,11.54
334,Tongliao,CN,14.69,43.61,122.27,60,0,2.93
335,Dragodana,RO,33.8,44.73,25.37,80,0,14.99
336,Mumford,GH,83.18,5.26,-0.76,74,20,8.86
337,Arlit,NE,74.09,18.74,7.39,23,12,3.94
338,Dumas,IN,83.41,21.09,72.71,99,0,11.1
339,Bud,NO,47.59,62.91,6.91,93,75,8.05
340,Davila,PH,77,18.47,120.58,94,20,2.24
341,Cururupu,BR,91.28,-1.82,-44.87,52,0,13
342,Bandarbeyla,SO,78.59,9.49,50.81,100,64,10.98
343,Dubti,ET,76.93,11.74,41.09,46,68,2.71
344,Yulara,AU,60.8,-25.24,130.99,67,0,8.05
345,Ayorou,NE,81.97,14.73,0.92,23,0,2.93
346,Kasongo-Lunda,CD,74.05,-6.48,16.82,86,80,1.7
347,Camacha,PT,63.63,33.08,-16.33,67,20,17.22
348,Cockburn Town,TC,81.16,21.46,-71.14,100,80,12.77
349,Sioux Lookout,CA,6.8,50.1,-91.92,65,40,6.93
350,Kavali,IN,76.16,14.91,79.99,95,76,2.93
351,Bannu,PK,63.43,32.99,70.6,72,88,2.71
352,Preobrazheniye,RU,11.14,42.9,133.91,68,20,1.92
353,Srivardhan,IN,72.74,18.03,73.02,88,0,0.13
354,Vao,EE,41.33,59.1,26.19,90,0,10.65
355,Meulaboh,ID,79.36,4.14,96.13,100,100,5.17
356,Luanda,AO,80.6,-8.83,13.24,78,40,5.82
357,Grand Gaube,MU,73.4,-20.01,57.66,83,75,5.82
358,Havoysund,NO,37.4,71,24.66,86,80,14.99
359,Belmonte,PT,55.64,40.36,-7.35,83,92,11.43
360,Goderich,CA,36.07,43.74,-81.71,94,88,13.33
361,Lamas,PE,62.6,-6.42,-76.52,290,40,3.36
362,Roald,NO,47.55,62.58,6.12,93,20,3.36
363,Palmeiras de Goias,BR,74.86,-16.8,-49.93,99,92,5.61
364,Hagere Hiywet,ET,54.34,8.98,37.85,89,76,1.36
365,Tocache,PE,67.03,-8.19,-76.51,92,76,2.04
366,Dickinson,US,12.02,46.88,-102.79,76,90,12.75
367,Kenai,US,34.05,60.55,-151.26,92,90,6.93
368,Gamboma,CG,78.73,-1.87,15.88,87,56,3.15
369,Xinqing,CN,6.86,48.28,129.53,75,56,2.93
370,Namatanai,PG,76.61,-3.66,152.44,100,88,6.62
371,Talara,PE,62.6,-4.58,-81.27,290,0,16.11
372,Salinopolis,BR,85.12,-0.61,-47.36,86,24,16.13
373,Ugoofaaru,MV,84.26,5.67,73,98,100,9.19
374,Saldanha,PT,52.13,41.42,-6.55,75,64,4.94
375,Yueyang,CN,47.18,29.36,113.12,100,100,9.64
376,Moree,AU,66.85,-29.46,149.84,68,0,12.1
377,Soyo,AO,80.17,-6.13,12.37,75,56,6.29
378,Brae,GB,47.43,60.4,-1.35,87,44,23.04
379,Bang Saphan,TH,78.68,11.21,99.51,95,32,3.04
380,Nizhniy Baskunchak,RU,33.23,48.22,46.83,52,92,9.75
381,Marfino,RU,32,56.07,37.56,87,90,13.42
382,Entebbe,UG,71.6,0.06,32.45,88,20,6.93
383,Longyearbyen,NO,32,78.22,15.63,100,75,24.16
384,Adwa,ET,58.16,14.16,38.9,97,12,2.04
385,Tottori,JP,35.35,35.5,134.23,100,24,2.37
386,Koumac,NC,68.74,-20.56,164.28,98,24,4.83
387,Lypova Dolyna,UA,20.14,50.56,33.8,80,0,3.38
388,Itarema,BR,92.63,-2.92,-39.92,46,0,19.15
389,Humaita,AR,87.8,-24.93,-65.37,38,75,6.93
390,La Romana,DO,84.2,18.43,-68.97,74,40,13.87
391,Belomorsk,RU,40.12,64.52,34.76,95,92,14.67
392,Sao Sepe,BR,68,-30.16,-53.57,94,75,9.17
393,Borba,PT,62.6,38.81,-7.46,72,0,8.05
394,Medicine Hat,CA,19.4,50.04,-110.68,62,20,10.29
395,Northam,GB,45.64,51.04,-4.21,81,0,8.05
396,Matadi,CD,80.35,-5.83,13.46,78,76,6.4
397,Lakselv,NO,38.57,70.05,24.96,100,88,19.46
398,Neman,US,62.96,32.58,-85.98,56,1,3.36
399,Puerto del Rosario,ES,68,28.5,-13.86,88,75,6.93
400,Buerarema,BR,84.2,-14.96,-39.3,74,20,9.17
401,Kulob,TJ,40.16,37.91,69.78,90,92,2.48
402,Pochutla,MX,86.43,15.74,-96.47,59,40,5.95
403,Eden,CA,6.8,50.38,-99.47,65,20,17.22
404,Coos Bay,US,51.08,43.37,-124.22,92,1,5.82
405,Bracebridge,CA,26.6,45.04,-79.31,68,90,13.87
406,Lompoc,US,59.72,34.64,-120.46,69,1,3.49
407,Tual,ID,82.46,-5.67,132.75,100,80,2.93
408,Kailua,US,74.1,21.39,-157.74,71,40,13.87
409,Talnakh,RU,6.68,69.49,88.39,86,76,16.46
410,Los Llanos de Aridane,ES,73.4,28.66,-17.92,53,40,2.24
411,Kichera,RU,-6.19,55.93,110.1,100,44,3.38
412,Yelizovo,RU,26.6,53.19,158.38,86,75,8.95
413,Chapais,CA,19.4,49.78,-74.86,73,90,16.11
414,Wanlaweyn,SO,76.43,2.62,44.89,93,92,4.94
415,Peace River,CA,1.4,56.23,-117.29,77,40,4.7
416,Bani,PH,76.39,15.89,120.27,98,8,2.37
417,Svolvaer,NO,35.6,68.23,14.57,93,40,6.93
418,Chaozhou,CN,69.8,23.66,116.62,83,75,4.47
419,Dawson Creek,CA,7.25,55.76,-120.23,92,1,3.38
420,Mittersill,AT,32.22,47.28,12.48,86,0,5.82
421,Pontian Kecil,MY,79.29,1.48,103.39,94,75,1.12
422,Warrington,GB,45.3,53.39,-2.59,81,0,6.93
423,San Vicente,SV,85.1,13.64,-88.78,54,0,16.11
424,Kamina,CD,73.78,-8.74,25,84,56,0.92
425,Ketchikan,US,42.39,55.34,-131.65,92,90,17.22
426,Opochka,RU,37.46,56.71,28.66,93,92,15.01
427,Axim,GH,83.63,4.87,-2.24,98,64,9.64
428,Sabang,PH,78.19,13.72,123.58,98,92,7.63
429,Maldonado,UY,78.8,-34.91,-54.96,65,75,12.75
430,Ha Tinh,VN,80.08,18.33,105.9,100,48,11.88
431,Gat,SN,84.2,14.69,-16.54,39,0,6.93
432,Potsdam,DE,33.76,52.4,13.06,69,0,5.82
433,Avera,US,61.03,33.19,-82.53,51,1,4.7
434,Elizabeth City,US,52.92,36.3,-76.22,67,40,6.51
435,Hiroshima,JP,53.96,34.39,132.45,74,20,6.93
436,Houma,CN,30.58,35.63,111.36,97,80,2.04
437,Hualmay,PE,72.83,-11.1,-77.61,63,12,6.85
438,Omboue,GA,80.8,-1.57,9.26,100,80,12.44
439,Dharchula,IN,31.43,29.85,80.53,77,0,1.92
440,Aksarka,RU,19.6,66.56,67.8,95,92,18.7
441,Cadiz,US,39.43,40.27,-81,69,90,9.17
442,Kamenka,RU,21.85,53.19,44.05,61,64,10.87
443,Margate,AU,51.8,-43.03,147.26,71,75,4.7
444,Belyy Yar,RU,3.2,53.6,91.39,84,40,4.47
445,Nizwa,OM,69.86,22.93,57.53,40,68,4.05
446,Scarborough,GB,44.02,54.28,-0.41,93,0,4.7
447,Zhigansk,RU,-20.64,66.77,123.37,30,20,2.71
448,Cochrane,CL,58.03,-47.25,-72.57,38,20,2.82
449,Bathsheba,BB,86,13.22,-59.52,66,40,21.92
450,Berdigestyakh,RU,-16.72,62.1,126.7,72,32,6.73
451,Sao Jose da Coroa Grande,BR,81.16,-8.9,-35.15,80,88,12.1
452,Shu,KZ,-2.91,43.6,73.76,35,0,2.93
453,Fairbanks,US,-0.33,64.84,-147.72,85,20,4.61
454,Mackenzie,CA,21.2,55.34,-123.09,92,90,9.17
455,Merritt Island,US,73.98,28.54,-80.67,52,40,6.93
456,Gari,RU,22.16,59.43,62.35,88,76,2.71
457,Maraba,BR,95,-5.35,-49.1,47,40,3.36
458,Bar Harbor,US,39.83,44.39,-68.2,73,90,6.93
459,La Plata,AR,68.88,-34.92,-57.95,83,75,8.05
460,Zavetnoye,RU,31.39,47.12,43.89,64,88,6.96
461,Sawakin,SD,74.77,19.1,37.33,88,0,7.4
462,Portland,US,53.04,45.52,-122.67,44,1,17.22
463,Kyotera,UG,71.48,-0.63,31.54,100,0,7.4
464,Hammerfest,NO,37.4,70.66,23.68,86,88,14.99
465,Nha Trang,VN,75.4,12.24,109.19,100,92,10.76
466,Kinsale,IE,48.2,51.71,-8.52,100,75,13.87
467,Port Blair,IN,85.16,11.67,92.75,95,92,9.64
468,Tigil,RU,1.28,57.8,158.67,60,0,3.71
469,Mujiayingzi,CN,15.28,42.12,118.78,54,0,6.62
470,Saint-Ambroise,FR,42.8,47.25,-0.65,75,90,12.75
471,Garden City,US,47.43,40.73,-73.63,47,75,12.75
472,Stephenville,US,67.21,32.22,-98.2,50,1,10.29
473,Ennis,IE,51.8,52.84,-8.98,81,75,19.46
474,Lata,IN,31.48,30.78,78.62,82,56,1.7
475,Mhlambanyatsi,SZ,77.11,-26.45,31.02,49,24,6.62
476,Kaka,TM,42.37,37.35,59.62,93,76,2.15
477,Nelson Bay,AU,62.6,-32.72,152.14,82,40,9.17
478,Beringovskiy,RU,26.39,63.05,179.32,100,76,25.52
479,Saint Pete Beach,US,71.44,27.73,-82.74,49,1,3.36
480,Kachiry,KZ,25.9,53.07,76.1,92,92,11.21
481,Novikovo,UA,38.81,45.05,34.56,100,92,6.62
482,Kindu,CD,77.02,-2.95,25.92,83,32,1.36
483,Berlevag,NO,35.44,70.86,29.09,100,68,14.56
484,Luderitz,NA,63.74,-26.65,15.16,62,0,22.5
485,Dinanagar,IN,51.1,32.14,75.47,57,48,3.94
486,Huarmey,PE,76.88,-10.07,-78.15,52,0,4.83
487,Terrasini,IT,57.87,38.15,13.08,62,40,12.75
488,Labuhan,ID,72.74,-2.54,115.51,98,68,1.81
489,Daru,SL,72.61,7.99,-10.85,97,80,3.49
490,Tocopilla,CL,66.94,-22.09,-70.2,90,44,8.75
491,Sokoto,NG,80.08,13.06,5.24,58,12,2.71
492,Nuuk,GL,24.8,64.17,-51.74,79,75,18.34
493,Gainesville,US,67.78,29.65,-82.33,48,1,8.05
494,Ati,TD,80.44,13.21,18.34,52,0,0.92
495,Kolvereid,NO,44.71,64.86,11.6,100,76,2.71
496,Noumea,NC,59,-22.28,166.46,87,0,3.36
497,Tilichiki,RU,-22.98,60.47,166.1,100,20,2.82
498,Yamada,JP,42.8,36.58,137.08,93,20,4.7
499,Westport,IE,50,53.8,-9.52,93,75,16.11
500,Sinop,TR,53.35,42.03,35.15,100,68,6.06
501,Limbang,BN,74.17,4.75,115.01,100,75,4.7
502,Murray Bridge,AU,54.83,-35.12,139.28,97,0,10.65
503,Pangody,RU,20.18,65.85,74.49,92,92,13.44
504,Kieta,PG,76.48,-6.22,155.63,100,56,3.71
505,San Pedro,AR,69.46,-33.68,-59.66,87,32,11.99
506,Nkan,GQ,77.96,2.26,11.22,82,48,2.59
507,Bengbu,CN,43.81,32.92,117.38,100,92,7.85
508,Aswan,EG,64.15,24.09,32.9,65,0,7.18
509,Gornopravdinsk,RU,15.73,60.06,69.92,85,68,3.6
510,Manicore,BR,86.02,-5.81,-61.3,74,56,2.15
511,Provideniya,RU,34.45,64.42,-173.23,100,68,20.38
512,Ulladulla,AU,51.8,-35.36,150.48,100,0,4.7
513,Trairi,BR,80.89,-3.28,-39.27,100,0,21.72
514,Esperance,TT,87.8,10.24,-61.45,66,20,11.41
515,Minas,UY,78.8,-34.38,-55.24,65,75,12.75
516,Howard Springs,AU,82.4,-12.5,131.05,78,20,5.82
517,Okha,RU,11.99,53.59,142.95,100,20,8.19
518,Santa Maria,BR,68,-29.69,-53.81,94,75,9.17
519,Whitianga,NZ,62.08,-36.83,175.7,100,68,6.06
520,Lithgow,AU,59,-33.48,150.16,93,90,6.93
521,Lantana,US,77.47,26.19,-97.58,62,90,17.22
522,Carutapera,BR,88.45,-1.2,-46.02,63,0,13.33
523,Hovd,NO,43.74,63.83,10.7,93,90,3.36
524,Machinga,MW,70.63,-15.18,35.3,88,68,4.61
525,Vaitape,PF,79.36,-16.52,-151.75,100,64,10.54
526,Rawson,AR,66.49,-43.3,-65.11,35,92,14.12
527,Mogadishu,SO,81.29,2.04,45.34,100,0,7.85
528,Fruitvale,CA,37.4,49.12,-117.55,64,75,4.7
529,Le Port,FR,40.16,42.87,1.37,76,68,0.69
530,Cap Malheureux,MU,73.4,-19.98,57.61,83,75,5.82
531,Barra do Garcas,BR,78.8,-15.89,-52.26,88,75,5.82
532,Kaeo,NZ,52.04,-35.1,173.78,100,68,3.83
533,The Valley,AI,84.2,18.22,-63.06,66,20,14.99
534,Wick,GB,45.97,51.45,-2.43,93,0,13.87
535,Ovalle,CL,70.99,-30.6,-71.2,76,0,5.17
536,Leshukonskoye,RU,37.33,64.9,45.76,100,92,4.61
537,Skibbereen,IE,48.2,51.55,-9.27,100,75,13.87
538,Praia,BR,80.6,-20.25,-43.81,47,40,8.05
539,Wawa,NG,84.26,9.9,4.41,43,0,5.17
540,Nikolayevsk-na-amure,RU,17.53,53.14,140.72,100,0,2.59
541,Staryy Nadym,RU,20.32,65.61,72.68,92,92,11.1
542,Halifax,CA,32,44.65,-63.58,100,75,19.46
543,Nouadhibou,MR,68,20.93,-17.03,77,0,9.17
544,Mahibadhoo,MV,82.69,3.78,72.97,100,88,8.63
545,Bemidji,US,11.14,47.48,-94.89,64,1,9.17
546,Nakhon Thai,TH,71.21,17.1,100.84,93,68,2.15
547,Puro,PH,75.4,13.13,123.76,97,68,3.38
548,Saint-Georges,CA,29.95,46.12,-70.67,73,88,8.08
549,Borovskoy,KZ,29.09,53.8,64.15,87,88,8.75
550,Linqing,CN,37.06,36.85,115.71,93,88,3.04
551,Calabazar de Sagua,CU,77,22.65,-79.9,83,75,11.41
552,Bahia Honda,CU,79.18,22.9,-83.16,67,56,7.4
553,Payo,ID,71.98,-3.75,103.64,98,64,4.05
554,Clarence Town,AU,62.6,-32.59,151.78,82,40,9.17
555,Kahului,US,73.36,20.89,-156.47,93,40,18.34
556,Port Hedland,AU,78.8,-20.31,118.58,69,24,4.7
557,Banda Aceh,ID,74.14,5.56,95.32,100,64,2.71
558,Numan,NG,83.18,9.46,12.04,53,0,3.83
559,Nagato,JP,55.4,34.35,131.14,71,20,6.93
560,Dhidhdhoo,MV,83.32,6.88,73.1,100,92,6.85
561,Laguna,MX,77,27.52,-110.01,36,5,3.36
562,Eyl,SO,77.56,7.98,49.82,100,24,9.75
563,Mufumbwe,ZM,77.74,-13.68,24.8,48,36,7.74
564,Okhotsk,RU,25.27,59.36,143.24,98,80,11.77
565,Gangakher,IN,70.04,18.95,76.75,48,8,8.75
566,Waddan,LY,64.6,29.16,16.14,32,68,2.71
567,Gladstone,AU,68.65,-23.84,151.26,100,68,4.16
568,Evensk,RU,4.79,61.92,159.24,100,32,6.73
569,Bima,ID,76.39,-8.45,118.73,100,88,2.37
570,Bereda,ES,59,43.27,-7.54,77,0,6.93
571,Gara,HU,41,46.03,19.04,60,40,11.41
572,Gravdal,NO,39.2,59.79,5.78,93,75,8.05
573,Tokmak,UA,29.5,47.26,35.7,80,92,7.52
574,Riyadh,SA,66.2,24.63,46.72,52,0,8.05
575,Lagos,NG,84.2,6.46,3.39,83,20,4.7
576,Saint-Pierre,FR,43.02,48.95,4.24,75,0,16.11
577,El Jicaro,GT,60.68,14.91,-89.89,93,92,1.92
578,Amahai,ID,82.6,-3.31,129,100,44,4.61
579,Bundibugyo,UG,61.45,0.71,30.06,95,12,1.36
580,Pitimbu,BR,87.8,-7.47,-34.81,52,20,16.11
581,Warrnambool,AU,53.62,-38.38,142.48,98,0,9.19
582,Brainerd,US,17.22,46.36,-94.2,56,1,4.7
583,Sao Filipe,CV,76.75,14.9,-24.5,95,76,9.98
584,Kangaatsiaq,GL,27.29,68.31,-53.46,100,88,27.87
585,Estevan,CA,10.4,49.14,-102.99,85,40,18.34
586,Lavrentiya,RU,32.38,65.58,-170.99,100,80,18.7
587,Teya,MX,80.6,21.05,-89.07,47,75,6.93
588,San Jose de Ocoa,DO,89.6,18.55,-70.5,59,40,9.17
589,Xining,CN,14.38,36.62,101.77,87,80,2.48
590,Dillon,US,19.04,45.22,-112.64,80,90,3.36
591,Yerbogachen,RU,-7.5,61.28,108.01,60,48,3.15
592,Seymchan,RU,-17.67,62.93,152.39,99,48,2.71
593,Merauke,ID,77.83,-8.49,140.4,95,0,9.98
594,Tlaxco,MX,64.4,19.61,-98.12,45,20,2.24
595,Scottsbluff,US,19.36,41.87,-103.67,84,90,6.93
596,Astana,KZ,19.4,51.13,71.43,92,90,13.42
597,Zavitinsk,RU,-5.29,50.11,129.44,55,36,2.82
598,Umm Lajj,SA,71.98,25.02,37.27,98,0,8.3
599,Orneta,PL,23.83,54.12,20.13,84,0,2.59
600,Guilin,CN,57.2,25.28,110.29,87,90,6.71
601,Gualeguaychu,AR,79.81,-33.01,-58.51,63,80,15.12
602,North Bend,US,51.08,43.41,-124.22,92,1,5.82
603,Bilma,NE,66.53,18.69,12.92,24,0,3.6
604,Kisangani,CD,76.03,0.52,25.21,86,8,4.05
605,Kizukuri,JP,41.96,40.81,140.39,100,92,5.28
606,Sumbe,AO,78.73,-11.2,13.84,96,68,8.3
607,Mutoko,ZW,81.88,-17.4,32.23,39,8,8.97
608,Vallenar,CL,73.64,-28.58,-70.76,63,0,2.71
609,Inirida,CO,83.05,3.87,-67.92,83,68,2.59
610,Hundorp,NO,22.43,61.55,9.94,84,0,3.15
611,Kodinsk,RU,-0.39,58.6,99.18,65,56,2.37
612,Bay City,US,33.98,43.59,-83.89,74,75,6.93
613,Mersing,MY,79.54,2.43,103.84,96,92,3.94
614,Strezhevoy,RU,5,60.73,77.6,84,90,4.47
615,Munchenbuchsee,CH,34.93,47.02,7.45,86,48,1.12
616,Linares,CL,60.73,-35.85,-71.6,65,0,3.15
617,Grindavik,IS,50,63.84,-22.43,93,90,38.03
618,Bubaque,GW,85.84,11.28,-15.83,93,80,7.52
619,Seoul,KR,34.27,37.57,126.98,69,0,2.24
620,Sovetskaya Gavan,RU,24.14,48.97,140.29,100,0,13
621,Portel,PT,62.6,38.31,-7.71,77,40,19.46
622,Todos Santos,MX,77.54,23.45,-110.23,32,40,6.96
623,Tromso,NO,37.4,69.65,18.96,86,75,5.82
624,Staroaleyskoye,RU,18.34,51.01,82,77,48,10.87
625,Port Hardy,CA,39.2,50.7,-127.42,93,75,2.24
626,Husavik,CA,13.84,50.56,-96.99,91,0,14.67
627,Antalaha,MG,75.44,-14.9,50.28,89,80,9.53
628,Amarpur,IN,68.96,23.52,91.65,89,80,2.15
629,Challapata,BO,61.04,-18.9,-66.78,30,80,7.29
630,Puerto Madryn,AR,61,-42.77,-65.04,58,76,15.68
631,Paamiut,GL,33.82,61.99,-49.67,97,88,38.27
632,Cukai,MY,75.2,4.25,103.42,94,92,1.36
633,Na Wa,TH,75.71,17.49,104.1,85,68,3.15
634,Kaohsiung,TW,73.02,22.62,120.31,83,75,4.7
635,Tulun,RU,3.08,54.56,100.58,80,56,2.59
636,Kalmunai,LK,71.71,7.42,81.82,100,32,3.27
637,Beeville,US,73.69,28.4,-97.75,51,90,8.05
638,Adrar,DZ,71.6,27.87,-0.29,35,44,6.93
639,Bratca,RO,39.2,46.93,22.61,51,0,3.36
640,Petropavl,KZ,25.04,54.87,69.13,92,88,8.19
641,Washington DC.,US,47.79,38.9,-77.04,51,1,4.7
642,Ust-Kuyga,RU,-36.3,70,135.55,0,8,2.93
643,Chimbote,PE,70.45,-9.08,-78.59,72,8,8.75
644,Shingu,JP,60.86,33.72,135.99,100,24,9.08
645,Mildura,AU,57.76,-34.18,142.16,45,0,11.21
646,Rockland,US,47.05,42.13,-70.92,88,75,8.05
647,Dongzhen,CN,10.28,43.33,129.73,65,32,3.49
648,Bowen,AU,64.4,-20.01,148.25,93,100,10.31
649,Maragogi,BR,81.16,-9.01,-35.22,80,88,12.1
650,Ignacio Zaragoza,MX,72.16,28.57,-111.59,42,0,2.93
651,Lubana,CD,64.28,0.23,29.1,92,20,2.04
652,Oxford,US,61.99,33.61,-85.83,45,1,3.36
653,Olinda,EC,82.4,-2.03,-79.75,61,75,5.82
654,Byron Bay,AU,66.2,-28.65,153.62,93,75,6.93
655,Nachingwea,TZ,77.92,-10.37,38.76,65,24,5.5
656,Popondetta,PG,67.75,-8.77,148.24,98,88,1.92
657,Guangyuan,CN,37.73,32.43,105.86,76,76,7.96
658,Naze,NG,79.31,5.43,7.07,88,56,4.83
